tema;agregado
Elecciones;Democracia/política
Tecnología social;Desarrollo social
Equidad de Género;Género
Derechos de pueblos indígenas;Derechos Humanos
Salud;Desarrollo social
Derechos laborales;Derechos Humanos
Incidencia política;Democracia/política
Identidad de género;Género
Violencia política;Violencia
Medio ambiente;Medio ambiente
Equidad de género;Género
Economía local;Desarrollo económico
Conflicto armado;Violencia
Seguridad pública;Violencia
Comunicación digital;Democracia/política
Derechos humanos;Derechos Humanos
Ciudades;Democracia/política
Derechos personas en privación de libertad;Derechos Humanos
Derecho a vivienda;Derechos Humanos
Desarrollo económico;Desarrollo económico
Cultura;Desarrollo social
Educación;Desarrollo social
Drogas;Desarrollo social
Desigualdad social;Desarrollo social
Migración;Derechos Humanos
Reciclaje;Medio ambiente
Reactivación económica;Desarrollo económico
Violencia de género;Violencia
Educación sexual;Desarrollo social
Asamblea Constituyente;Democracia/política
Violencia doméstica;Violencia
Saneamiento básico;Desarrollo social
Conflictividad social;Democracia/política
Rendición de cuentas públicas;Democracia/política
Desarrollo productivo;Desarrollo económico
Adolescencia/juventud;Desarrollo social
Violencia policial;Violencia
Reforma tributaria;Desarrollo económico
Violencia digital;Violencia
Derechos personas con discapacidad;Derechos Humanos
Derechos pueblos indígenas;Derechos Humanos
Arte;Desarrollo social
Corrupción;Democracia/política
Derechos digitales;Derechos Humanos
Democracia;Democracia/política
Datos abiertos;Democracia/política
Transporte público;Desarrollo social
Racismo;Democracia/política
Derechos adultos mayores;Derechos Humanos
Resolución de conflictos;Violencia
Cuidado animal;Medio ambiente
Violencia sexual;Violencia
Crisis humanitaria;Desarrollo social
Nueva normalidad;Desarrollo social
Justicia;Democracia/política